[
    {
        "id": 1,
        "name": "Tecnologia",
        "description": "Articulos de tecnologia"
    },
    {
        "id": 2,
        "name": "Series y Peliculas",
        "description": "Articulos de Cinematografia"
    },
    {
        "id": 3,
        "name": "Farandula",
        "description": "Articulos de Farandula y Escandalos"
    },
    {
        "id": 4,
        "name": "Nuevos Lanzamientos",
        "description": "Articulos de lanzamientos de nuevos proyectos"
    },
    {
        "id": 5,
        "name": "Musica",
        "description": "Articulos de la industria de la musica"
    }
]