[
    {
        "articleId": 1,
        "title": "Global warning! You are not connected to the internet.",
        "date_publication": "2024-05-05",
        "content": "El internet en el mundo ha caido, razon para la cual alarmarse, pues se pierde todo tipo de comunicacion.",
        "authorId": 1,
        "categoryId": 1
    },
    {
        "articleId": 2,
        "title": "King Kong azota a todos.",
        "date_publication": "2024-05-05",
        "content": "Es increible pero cierto. King Kong ha azotado a todos.",
        "authorId": 2,
        "categoryId": 2
    },
    {
        "articleId": 3,
        "title": "I'm just a kid, vocifera el rey de Inglaterra",
        "date_publication": "2024-05-05",
        "content": "Carlos no se cansa de hacer el ridiculo a lo largo de su historia. Sorprendente pero cierto.",
        "authorId": 3,
        "categoryId": 3
    },
    {
        "articleId": 4,
        "title": "Alfonso Ribeiro and Will Smith re-launch the Prince of Bel-Air",
        "date_publication": "2024-05-05",
        "content": "Volvio la famosa serie mas aclamada del actor Will Smith y Alfonso Ribeiro.",
        "authorId": 4,
        "categoryId": 4
    },
    {
        "articleId":5,
        "title": "Michael Jackson is alive! The internet is alive too!",
        "date_publication": "2024-05-05",
        "content": "Michael Jackson sigue vivo, y el internet tambien volvio junto a el, sera obra del maravilloso Rey del Pop?",
        "authorId": 5,
        "categoryId": 5
    }
]