[
    {
        "authorId": 1,
        "name": "Javier",
        "biography": "Apasionado a la tecnologia",
        "email": "javier@javier.com"
    },
    {
        "authorId": 2,
        "name": "Alfonso",
        "biography": "Fanatico de las peliculas y series",
        "email": "alfonso@alfonso.com"
    },
    {
        "authorId": 3,
        "name": "Couso",
        "biography": "Sensacionalista y famoso escritor",
        "email": "couso@couso.com"
    },
    {
        "authorId": 4,
        "name": "Andres",
        "biography": "Fanatico enloquecido por Will Smith. Es mi mayor idolo.",
        "email": "andres@gmail.com"
    },
    {
        "authorId": 5,
        "name": "Peter",
        "biography": "Mi pasion es escuchar a Michael Jackson y quedar en el top de Simplycodes.",
        "email": "negritofullero@simplycodes.com"
    }
]